Название города;Регион;Округ;Широта;Долгота
Хмельницкий;Хмельницкая область;Центральная Украина;49.416668;27
Каменец-Подольский;Хмельницкая область;Центральная Украина;48.683334;26.583332
Нетишин;Хмельницкая область;Центральная Украина;50.346695;26.633587
Славута;Хмельницкая область;Центральная Украина;50.299999;26.866667
Староконстантинов;Хмельницкая область;Центральная Украина;49.755554;27.220833
Шепетовка;Хмельницкая область;Центральная Украина;50.182003;27.066854
Волочиск;Хмельницкая область;Центральная Украина;49.528984;26.208408
Городок;Хмельницкая область;Центральная Украина;49.163685;26.578232
Деражня;Хмельницкая область;Центральная Украина;49.266666;27.433332
Дунаевцы;Хмельницкая область;Центральная Украина;48.890911;26.849583
Изяслав;Хмельницкая область;Центральная Украина;50.118732;26.838671
Красилов;Хмельницкая область;Центральная Украина;49.651943;26.970556
Полонное;Хмельницкая область;Центральная Украина;50.116669;27.516666
Летичев;Хмельницкая область;Центральная Украина;49.383331;27.616667
Теофиполь;Хмельницкая область;Центральная Украина;49.841946;26.411943
Житомир;Житомирская область;Центральная Украина;50.25;28.666668
Бердичев;Житомирская область;Центральная Украина;49.907902;28.587934
Коростень;Житомирская область;Центральная Украина;50.96183;28.635452
Новоград-Волынский;Житомирская область;Центральная Украина;50.583332;27.633333
Малин;Житомирская область;Центральная Украина;50.770515;29.258142
Овруч;Житомирская область;Центральная Украина;51.327831;28.813343
Олевск;Житомирская область;Центральная Украина;51.223362;27.638645
Радомышль;Житомирская область;Центральная Украина;50.496059;29.236578
Емильчино;Житомирская область;Центральная Украина;50.872223;27.807777
Попельня;Житомирская область;Центральная Украина;49.966389;29.443333
Винница;Винницкая область;Центральная Украина;49.233334;28.483334
Могилёв-Подольский;Винницкая область;Центральная Украина;48.450001;27.799999
Хмельник;Винницкая область;Центральная Украина;49.559605;27.957466
Казатин;Винницкая область;Центральная Украина;49.720551;28.84907
Ладыжин;Винницкая область;Центральная Украина;48.672398;29.264328
Калиновка;Винницкая область;Центральная Украина;49.451698;28.52494
Погребище;Винницкая область;Центральная Украина;49.48634;29.270048
Белая Церковь;Киевская область;Центральная Украина;49.801945;30.115196
Бровары;Киевская область;Центральная Украина;50.516666;30.816668
Борисполь;Киевская область;Центральная Украина;50.359451;30.974171
Вишнёвое;Киевская область;Центральная Украина;50.386944;30.358055
Фастов;Киевская область;Центральная Украина;50.080322;29.915285
Буча;Киевская область;Центральная Украина;50.557365;30.226593
Васильков;Киевская область;Центральная Украина;50.178333;30.315832
Ирпень;Киевская область;Центральная Украина;50.521523;30.247663
Боярка;Киевская область;Центральная Украина;50.329166;30.28861
Обухов;Киевская область;Центральная Украина;50.103436;30.636269
Переяслав-Хмельницкий;Киевская область;Центральная Украина;50.066113;31.442223
Славутич;Киевская область;Центральная Украина;51.521736;30.766966
Яготин;Киевская область;Центральная Украина;50.276413;31.761362
Украинка;Киевская область;Центральная Украина;50.153088;30.743492
Вышгород;Киевская область;Центральная Украина;50.583332;30.5
Богуслав;Киевская область;Центральная Украина;49.546665;30.872778
Коцюбинское;Киевская область;Центральная Украина;51;30
Кагарлык;Киевская область;Центральная Украина;49.862064;30.819241
Гостомель;Киевская область;Центральная Украина;50.569168;30.265278
Чернигов;Черниговская область;Центральная Украина;51.5;31.299999
Нежин;Черниговская область;Центральная Украина;51.038055;31.88611
Прилуки;Черниговская область;Центральная Украина;50.595543;32.384563
Бахмач;Черниговская область;Центральная Украина;51.183056;32.829723
Носовка;Черниговская область;Центральная Украина;50.933334;31.583332
Городня;Черниговская область;Центральная Украина;51.890556;31.593611
Ичня;Черниговская область;Центральная Украина;50.85828;32.375816
Щорс;Черниговская область;Центральная Украина;51.816666;31.950001
Варва;Черниговская область;Центральная Украина;50.494999;32.72361
Козелец;Черниговская область;Центральная Украина;50.910767;31.10815
Репки;Черниговская область;Центральная Украина;51.800476;31.096655
Десна;Черниговская область;Центральная Украина;50.924667;30.756001
Куликовка;Черниговская область;Центральная Украина;51.374722;31.643612
Сумы;Сумская область;Центральная Украина;50.894405;34.8106
Конотоп;Сумская область;Центральная Украина;51.240944;33.205051
Шостка;Сумская область;Центральная Украина;51.866669;33.483334
Ахтырка;Сумская область;Центральная Украина;50.295891;34.913322
Ромны;Сумская область;Центральная Украина;50.745621;33.491516
Глухов;Сумская область;Центральная Украина;51.678612;33.911388
Лебедин;Сумская область;Центральная Украина;50.579723;34.477222
Кролевец;Сумская область;Центральная Украина;51.549999;33.383331
Бурынь;Сумская область;Центральная Украина;51.204182;33.825142
Воронеж;Сумская область;Центральная Украина;51.769001;33.471912
Свесса;Сумская область;Центральная Украина;51.947453;33.933449
Полтава;Полтавская область;Центральная Украина;49.595348;34.562946
Кременчуг;Полтавская область;Центральная Украина;49.107807;33.419868
Комсомольск;Полтавская область;Центральная Украина;49.014851;33.638905
Лубны;Полтавская область;Центральная Украина;50.016666;33
Миргород;Полтавская область;Центральная Украина;49.966667;33.599998
Гадяч;Полтавская область;Центральная Украина;50.370434;34.000988
Карловка;Полтавская область;Центральная Украина;49.450001;35.133331
Пирятин;Полтавская область;Центральная Украина;50.237392;32.503929
Гребёнка;Полтавская область;Центральная Украина;50.118309;32.452206
Черкассы;Черкасская область;Центральная Украина;49.433334;32.066666
Умань;Черкасская область;Центральная Украина;48.75;30.216667
Смела;Черкасская область;Центральная Украина;49.213188;31.874636
Золотоноша;Черкасская область;Центральная Украина;49.671642;32.039875
Канев;Черкасская область;Центральная Украина;49.75;31.466667
Корсунь-Шевченковский;Черкасская область;Центральная Украина;49.427689;31.280434
Каменка;Черкасская область;Центральная Украина;49.030647;32.115093
Чернобай;Черкасская область;Центральная Украина;49.670555;32.323055
Кировоград;Кировоградская область;Центральная Украина;48.521519;32.245037
Александрия;Кировоградская область;Центральная Украина;48.671577;33.095905
Светловодск;Кировоградская область;Центральная Украина;49.050323;33.224224
Долинская;Кировоградская область;Центральная Украина;48.111141;32.764771
Знаменка;Кировоградская область;Центральная Украина;48.713612;32.673332
Помошная;Кировоградская область;Центральная Украина;48.25;31.416668
Александровка;Кировоградская область;Центральная Украина;48.726391;33.302223
Новоархангельск;Кировоградская область;Центральная Украина;48.65889;30.818611
Киев;Киев;Центральная Украина;50.450001;30.523333
Луцк;Волынская область;Западная Украина;50.75;25.335833
Ковель;Волынская область;Западная Украина;51.21423;24.709341
Нововолынск;Волынская область;Западная Украина;50.733334;24.166668
Владимир-Волынский;Волынская область;Западная Украина;50.848057;24.322222
Рожище;Волынская область;Западная Украина;50.896946;25.263649
Шацк;Волынская область;Западная Украина;51.508942;23.942455
Старая Выжевка;Волынская область;Западная Украина;51.440834;24.431667
Ровно;Ровненская область;Западная Украина;50.6199;26.251617
Кузнецовск;Ровненская область;Западная Украина;51.343655;25.849087
Костополь;Ровненская область;Западная Украина;50.883331;26.450001
Сарны;Ровненская область;Западная Украина;51.337223;26.605833
Здолбунов;Ровненская область;Западная Украина;50.513374;26.261707
Дубровица;Ровненская область;Западная Украина;51.566174;26.559423
Клевань;Ровненская область;Западная Украина;50.745834;26.012501
Рокитное;Ровненская область;Западная Украина;51.261391;27.224443
Заречное;Ровненская область;Западная Украина;51.808849;26.122766
Львов;Львовская область;Западная Украина;49.849998;24.016666
Дрогобыч;Львовская область;Западная Украина;49.349567;23.521914
Червоноград;Львовская область;Западная Украина;50.386303;24.227007
Стрый;Львовская область;Западная Украина;49.25573;23.846489
Борислав;Львовская область;Западная Украина;49.283333;23.416668
Трускавец;Львовская область;Западная Украина;49.280556;23.504999
Новый Раздол;Львовская область;Западная Украина;49.471943;24.133333
Золочев;Львовская область;Западная Украина;49.808334;24.901112
Броды;Львовская область;Западная Украина;50.083332;25.15
Сокаль;Львовская область;Западная Украина;50.483334;24.283333
Городок;Львовская область;Западная Украина;49.782223;23.643612
Николаев;Львовская область;Западная Украина;49.524906;23.990086
Жолква;Львовская область;Западная Украина;50.058773;23.978102
Яворов;Львовская область;Западная Украина;49.946945;23.393057
Жидачов;Львовская область;Западная Украина;49.38139;24.140833
Каменка Бугская;Львовская область;Западная Украина;50.099998;24.35
Тернополь;Тернопольская область;Западная Украина;49.566666;25.6
Чортков;Тернопольская область;Западная Украина;49.016666;25.799999
Кременец;Тернопольская область;Западная Украина;50.11972;25.716667
Бережаны;Тернопольская область;Западная Украина;49.441257;24.942978
Збараж;Тернопольская область;Западная Украина;49.666668;25.777779
Бучач;Тернопольская область;Западная Украина;49.064831;25.381716
Козова;Тернопольская область;Западная Украина;49.433105;25.154863
Монастыриска;Тернопольская область;Западная Украина;49.08889;25.169443
Ивано-Франковск;Ивано-Франковская область;Западная Украина;48.916668;24.716667
Калуш;Ивано-Франковская область;Западная Украина;49.044167;24.359722
Коломыя;Ивано-Франковская область;Западная Украина;48.530556;25.040277
Бурштын;Ивано-Франковская область;Западная Украина;49.263626;24.630482
Болехов;Ивано-Франковская область;Западная Украина;49.068249;23.859747
Снятын;Ивано-Франковская область;Западная Украина;48.450001;25.566668
Городенка;Ивано-Франковская область;Западная Украина;48.6675;25.500278
Тлумач;Ивано-Франковская область;Западная Украина;48.862583;24.998564
Косов;Ивано-Франковская область;Западная Украина;48.314999;25.095278
Рогатин;Ивано-Франковская область;Западная Украина;49.411449;24.62051
Яремче;Ивано-Франковская область;Западная Украина;48.460278;24.558611
Богородчаны;Ивано-Франковская область;Западная Украина;48.808056;24.538055
Ужгород;Закарпатская область;Западная Украина;48.618626;22.298758
Мукачево;Закарпатская область;Западная Украина;48.429031;22.70582
Хуст;Закарпатская область;Западная Украина;48.181389;23.297777
Виноградов;Закарпатская область;Западная Украина;48.149723;23.025
Берегово;Закарпатская область;Западная Украина;48.200001;22.633333
Свалява;Закарпатская область;Западная Украина;48.54789;23.001602
Рахов;Закарпатская область;Западная Украина;48.061604;24.209749
Тячев;Закарпатская область;Западная Украина;48.015438;23.570059
Иршава;Закарпатская область;Западная Украина;48.310059;23.042372
Королёво;Закарпатская область;Западная Украина;48.150002;23.133333
Черновцы;Черновицкая область;Западная Украина;48.299999;25.933332
Сторожинец;Черновицкая область;Западная Украина;48.158745;25.716639
Новоднестровск;Черновицкая область;Западная Украина;48.573952;27.443825
Сокиряны;Черновицкая область;Западная Украина;48.450001;27.416668
Глыбокая;Черновицкая область;Западная Украина;48.085274;25.931515
Кельменцы;Черновицкая область;Западная Украина;48.463333;26.829166
Кицмань;Черновицкая область;Западная Украина;48.441223;25.764149
Харьков;Харьковская область;Восточная Украина;49.948071;36.212299
Лозовая;Харьковская область;Восточная Украина;48.890392;36.311512
Купянск;Харьковская область;Восточная Украина;49.705334;37.598869
Изюм;Харьковская область;Восточная Украина;49.212776;37.256943
Чугуев;Харьковская область;Восточная Украина;49.835556;36.68639
Первомайский;Харьковская область;Восточная Украина;49.389767;36.212727
Балаклея;Харьковская область;Восточная Украина;49.459057;36.844929
Мерефа;Харьковская область;Восточная Украина;49.814953;36.058899
Красноград;Харьковская область;Восточная Украина;49.366669;35.450001
Песочин;Харьковская область;Восточная Украина;49.953888;36.109165
Волчанск;Харьковская область;Восточная Украина;50.300278;36.946667
Дергачи;Харьковская область;Восточная Украина;50.110157;36.093513
Богодухов;Харьковская область;Восточная Украина;50.160831;35.516388
Змиёв;Харьковская область;Восточная Украина;49.694405;36.359547
Комсомольское;Харьковская область;Восточная Украина;49.598331;36.528057
Солоницевка;Харьковская область;Восточная Украина;49.996334;36.035149
Высокий;Харьковская область;Восточная Украина;49.884998;36.111111
Кременная;Луганская область;Восточная Украина;49.049999;38.221111
Лутугино;Луганская область;Восточная Украина;48.402279;39.209122
Молодогвардейск;Луганская область;Восточная Украина;48.344444;39.658333
Петровское;Луганская область;Восточная Украина;48.305401;38.892288
Сватово;Луганская область;Восточная Украина;49.416668;38.150002
Старобельск;Луганская область;Восточная Украина;49.283333;38.916668
Алчевск;Луганская область;Восточная Украина;48.466667;38.799999
Антрацит;Луганская область;Восточная Украина;48.133602;39.095322
Брянка;Луганская область;Восточная Украина;48.513332;38.643055
Красный Луч;Луганская область;Восточная Украина;48.133331;38.933334
Краснодон;Луганская область;Восточная Украина;48.299999;39.733334
Лисичанск;Луганская область;Восточная Украина;48.913696;38.434643
Луганск;Луганская область;Восточная Украина;48.566666;39.299999
Первомайск;Луганская область;Восточная Украина;48.629723;38.561943
Ровеньки;Луганская область;Восточная Украина;48.083332;39.366669
Рубежное;Луганская область;Восточная Украина;49.01086;38.374069
Свердловск;Луганская область;Восточная Украина;48.084549;39.65163
Северодонецк;Луганская область;Восточная Украина;48.933334;38.5
Стаханов;Луганская область;Восточная Украина;48.566666;38.650002
Новодружеск;Луганская область;Восточная Украина;48.966667;38.349998
Днепропетровск;Днепропетровская область;Восточная Украина;48.450001;34.983334
Кривой Рог;Днепропетровская область;Восточная Украина;48.020336;33.45372
Днепродзержинск;Днепропетровская область;Восточная Украина;48.516666;34.616669
Никополь;Днепропетровская область;Восточная Украина;47.566666;34.400002
Павлоград;Днепропетровская область;Восточная Украина;48.521645;35.893383
Новомосковск;Днепропетровская область;Восточная Украина;48.633331;35.216667
Жёлтые Воды;Днепропетровская область;Восточная Украина;48.349998;33.5
Марганец;Днепропетровская область;Восточная Украина;47.663128;34.617218
Орджоникидзе;Днепропетровская область;Восточная Украина;47.656883;34.054184
Синельниково;Днепропетровская область;Восточная Украина;48.322121;35.521801
Терновка;Днепропетровская область;Восточная Украина;48.517799;36.07869
Вольногорск;Днепропетровская область;Восточная Украина;48.483334;34.016666
Верхнеднепровск;Днепропетровская область;Восточная Украина;48.652851;34.33604
Авдеевка;Донецкая область;Восточная Украина;48.142483;37.748463
Артёмовск;Донецкая область;Восточная Украина;48.606945;37.997044
Горловка;Донецкая область;Восточная Украина;48.328033;38.046005
Дебальцево;Донецкая область;Восточная Украина;48.333332;38.400002
Дзержинск;Донецкая область;Восточная Украина;48.394711;37.844364
Димитров;Донецкая область;Восточная Украина;48.305847;37.271065
Доброполье;Донецкая область;Восточная Украина;48.799999;37.183334
Докучаевск;Донецкая область;Восточная Украина;47.768002;37.683666
Донецк;Донецкая область;Восточная Украина;48.002777;37.805279
Дружковка;Донецкая область;Восточная Украина;48.616669;37.533333
Енакиево;Донецкая область;Восточная Украина;48.216667;38.200001
Кировское;Донецкая область;Восточная Украина;48.150002;38.366669
Константиновка;Донецкая область;Восточная Украина;48.51754;37.695026
Краматорск;Донецкая область;Восточная Украина;48.744835;37.595497
Красноармейск;Донецкая область;Восточная Украина;48.281029;37.173351
Красный Лиман;Донецкая область;Восточная Украина;48.980747;37.81562
Макеевка;Донецкая область;Восточная Украина;48.053108;37.947506
Мариуполь;Донецкая область;Восточная Украина;47.116669;37.549999
Новогродовка;Донецкая область;Восточная Украина;48.20454;37.336823
Селидово;Донецкая область;Восточная Украина;48.144672;37.297897
Славянск;Донецкая область;Восточная Украина;48.839588;37.569221
Снежное;Донецкая область;Восточная Украина;48.028278;38.76561
Торез;Донецкая область;Восточная Украина;48.031055;38.624321
Угледар;Донецкая область;Восточная Украина;47.783333;37.25
Харцызск;Донецкая область;Восточная Украина;48.042294;38.146065
Шахтёрск;Донецкая область;Восточная Украина;48.070213;38.422352
Ясиноватая;Донецкая область;Восточная Украина;48.127293;37.853649
Запорожье;Запорожская область;Восточная Украина;47.833332;35.166668
Мелитополь;Запорожская область;Восточная Украина;46.833332;35.366669
Бердянск;Запорожская область;Восточная Украина;46.758369;36.808067
Энергодар;Запорожская область;Восточная Украина;47.49799;34.656532
Токмак;Запорожская область;Восточная Украина;47.25;35.700001
Днепрорудное;Запорожская область;Восточная Украина;47.386902;34.995564
Гуляйполе;Запорожская область;Восточная Украина;47.663155;36.261192
Каменка-Днепровская;Запорожская область;Восточная Украина;47.4772;34.423546
Приморск;Запорожская область;Восточная Украина;46.729881;36.366516
Николаев;Николаевская область;Восточная Украина;46.966667;32
Первомайск;Николаевская область;Восточная Украина;48.04361;30.859224
Вознесенск;Николаевская область;Восточная Украина;47.566933;31.326382
Южноукраинск;Николаевская область;Восточная Украина;47.816666;31.183332
Новый Буг;Николаевская область;Восточная Украина;47.683334;32.5
Баштанка;Николаевская область;Восточная Украина;47.400002;32.450001
Арбузинка;Николаевская область;Восточная Украина;47.906666;31.313057
Херсон;Херсонская область;Восточная Украина;46.633331;32.583332
Новая Каховка;Херсонская область;Восточная Украина;46.766666;33.366669
Каховка;Херсонская область;Восточная Украина;46.809837;33.483078
Цюрупинск;Херсонская область;Восточная Украина;46.621349;32.697884
Геническ;Херсонская область;Восточная Украина;46.166668;34.799999
Скадовск;Херсонская область;Восточная Украина;46.116669;32.916668
Голая Пристань;Херсонская область;Восточная Украина;46.516666;32.516666
Таврийск;Херсонская область;Восточная Украина;46.754036;33.420582
Новотроицкое;Херсонская область;Восточная Украина;46.354443;34.336109
Белозёрка;Херсонская область;Восточная Украина;46.629166;32.440277
Великая Лепетиха;Херсонская область;Восточная Украина;47.176006;33.944412
Одесса;Одесская область;Восточная Украина;46.466667;30.733334
Измаил;Одесская область;Восточная Украина;45.351665;28.83639
Ильичёвск;Одесская область;Восточная Украина;46.3055;30.662245
Белгород-Днестровский;Одесская область;Восточная Украина;46.186779;30.328447
Котовск;Одесская область;Восточная Украина;47.75;29.533333
Южное;Одесская область;Восточная Украина;46.624496;31.102903
Килия;Одесская область;Восточная Украина;45.467175;29.258871
Раздельная;Одесская область;Восточная Украина;46.84861;30.079166
Болград;Одесская область;Восточная Украина;45.677937;28.630095
Беляевка;Одесская область;Восточная Украина;46.473122;30.214037
Овидиополь;Одесская область;Восточная Украина;46.24472;30.444721
Теплодар;Одесская область;Восточная Украина;46.5;30.333332
Вилково;Одесская область;Восточная Украина;45.400002;29.583332
Алупка;Крым;Крымский федеральный округ;44.419724;34.043056
Алушта;Крым;Крымский федеральный округ;44.676384;34.410049
Армянск;Крым;Крымский федеральный округ;46.107224;33.693333
Бахчисарай;Крым;Крымский федеральный округ;44.752777;33.860832
Джанкой;Крым;Крымский федеральный округ;45.708611;34.393333
Евпатория;Крым;Крымский федеральный округ;45.190449;33.366867
Керчь;Крым;Крымский федеральный округ;45.355316;36.470833
Красноперекопск;Крым;Крымский федеральный округ;45.954948;33.79982
Саки;Крым;Крымский федеральный округ;45.13361;33.577221
Севастополь;Севастополь;Крымский федеральный округ;44.50885;33.60051
Симферополь;Крым;Крымский федеральный округ;44.952118;34.102417
Судак;Крым;Крымский федеральный округ;44.850468;34.976185
Феодосия;Крым;Крымский федеральный округ;45.031933;35.382435
Щёлкино;Крым;Крымский федеральный округ;45.428101;35.816521
Ялта;Крым;Крымский федеральный округ;44.497601;34.169918
Добромиль;Львовская область;Западная Украина;49.566666;22.783333
Научный;Крым;Крымский федеральный округ;44.725834;34.011665
Укромное;Крым;Крымский федеральный округ;45.048058;34.000278
Узин;Киевская область;Центральная Украина;49.819122;30.426052
Барышевка;Киевская область;Центральная Украина;50.348984;31.323385
Мамаевцы;Черновицкая область;Западная Украина;48.350277;25.825556
Беспятное;Киевская область;Центральная Украина;50.160831;30.26
Овлаши;Сумская область;Центральная Украина;50.765244;33.421181
Курахово;Донецкая область;Восточная Украина;47.983334;37.266666
Оноковцы;Закарпатская область;Западная Украина;48.654167;22.341667
Перечин;Закарпатская область;Западная Украина;48.734165;22.474167
Великий Берёзный;Закарпатская область;Западная Украина;48.893612;22.4575
Пустомыты;Львовская область;Западная Украина;49.71389;23.910833
Мостиска;Львовская область;Западная Украина;49.794167;23.1525
Галич;Ивано-Франковская область;Западная Украина;49.125053;24.729639
Лугины;Житомирская область;Центральная Украина;51.081657;28.3985
Шаргород;Винницкая область;Центральная Украина;48.740124;28.08696
Черневцы;Винницкая область;Центральная Украина;48.542778;28.1075
Бородянка;Киевская область;Центральная Украина;50.64389;29.933889
Макаров;Киевская область;Центральная Украина;50.461979;29.818146
Чернобыль;Киевская область;Центральная Украина;51.261925;30.236046
Катеринополь;Черкасская область;Центральная Украина;48.948158;30.962494
Доманёвка;Николаевская область;Восточная Украина;47.627499;30.978611
Недригайлов;Сумская область;Центральная Украина;50.834721;33.876945
Валки;Харьковская область;Восточная Украина;49.840019;35.613464
Близнюки;Харьковская область;Восточная Украина;48.856113;36.556622
Кегичёвка;Харьковская область;Восточная Украина;49.285831;35.762222
Краснокутск;Харьковская область;Восточная Украина;50.056667;35.149166
Амвросиевка;Донецкая область;Восточная Украина;47.790432;38.473763
Белокуракино;Луганская область;Восточная Украина;49.538006;38.712852
Марковка;Луганская область;Восточная Украина;49.525276;39.555557
Нижнегорский;Крым;Крымский федеральный округ;45.448811;34.73642
Лиманское;Одесская область;Восточная Украина;46.663891;29.970833
Зазимье;Киевская область;Центральная Украина;50.568054;30.683332
Гагарин;Смоленская область;Центральный федеральный округ;55.550911;35.014992
Бабаево;Вологодская область;Северо-Западный федеральный округ;59.38533;35.950722
Багаевский;Ростовская область;Южный федеральный округ;47.2668;40.407749
Гаврилов-ям;Ярославская область;Центральный федеральный округ;57.30212;39.8568
Абакан;Республика Хакасия;Сибирский федеральный округ;53.729172;91.461189
Баргузин;Республика Бурятия;Сибирский федеральный округ;53.62495;109.627777
Барнаул;Алтайский край;Сибирский федеральный округ;53.356339;83.76165
Гай;Оренбургская область;Приволжский федеральный округ;51.467739;58.454739
Балабаново;Калужская область;Центральный федеральный округ;55.17662;36.64925
Балаково;Саратовская область;Приволжский федеральный округ;52.021069;47.805759
Балахна;Нижегородская область;Приволжский федеральный округ;56.480728;43.54039
Балашиха;Московская область;Центральный федеральный округ;55.820381;37.96891
Балашов;Саратовская область;Приволжский федеральный округ;51.537449;43.15287
Байконур;Республика Алтай;Сибирский федеральный округ;45.628231;63.304562
Абинск;Краснодарский край;Южный федеральный округ;44.864922;38.17186
Валуйки;Белгородская область;Центральный федеральный округ;50.213268;38.10199
Галенки;Приморский край;Дальневосточный федеральный округ;44.072861;131.788712
Ванино;Хабаровский край;Дальневосточный федеральный округ;49.09436;140.261108
Батайск;Ростовская область;Южный федеральный округ;47.138779;39.754719
Гатчина;Ленинградская область;Северо-Западный федеральный округ;59.559879;30.138559
Азов;Ростовская область;Южный федеральный округ;47.099049;39.438629
Взморье;Калининградская область;Северо-Западный федеральный округ;54.697315;20.245184
Братск;Иркутская область;Сибирский федеральный округ;56.169659;101.591637
Арзгир;Ставропольский край;Северо-Кавказский федеральный округ;45.368793;44.218266
Арзамас;Нижегородская область;Приволжский федеральный округ;55.40321;43.83614
Армавир;Краснодарский край;Южный федеральный округ;44.996361;41.120628
Грозный;Республика Чечня;Северо-Кавказский федеральный округ;43.309841;45.670391
Бронницы;Московская область;Центральный федеральный округ;55.419441;38.27673
Арсеньев;Приморский край;Дальневосточный федеральный округ;44.161789;133.285507
Архангельск;Архангельская область;Северо-Западный федеральный округ;64.536926;40.565571
Артем;Приморский край;Дальневосточный федеральный округ;43.355728;132.186676
Артемовский;Свердловская область;Уральский федеральный округ;57.338169;61.903481
Гремячинск;Пермский край;Приволжский федеральный округ;58.566589;57.841808
Грязовец;Вологодская область;Северо-Западный федеральный округ;58.88229;40.247372
Брянск;Брянская область;Центральный федеральный округ;53.310661;34.300369
Благовещенск;Амурская область;Дальневосточный федеральный округ;50.27494;127.534142
Благодарный;Ставропольский край;Северо-Кавказский федеральный округ;45.10006;43.42812
Глазов;Республика Удмуртия;Приволжский федеральный округ;58.135288;52.662441
Алапаевск;Свердловская область;Уральский федеральный округ;57.854118;61.70573
Алатырь;Республика Чувашия;Приволжский федеральный округ;54.845501;46.567631
Владивосток;Приморский край;Дальневосточный федеральный округ;43.130692;131.923828
Владикавказ;Республика Северная Осетия (Алания);Северо-Кавказский федеральный округ;43.031231;44.67577
Владимир;Владимирская область;Центральный федеральный округ;56.127701;40.407558
Биробиджан;Еврейская автономная область;Дальневосточный федеральный округ;48.800671;132.899139
Бирск;Республика Башкортостан;Приволжский федеральный округ;55.417511;55.5452
Бийск;Алтайский край;Сибирский федеральный округ;52.541302;85.217003
Вилючинск;Камчатский край;Дальневосточный федеральный округ;52.939831;158.409012
Аксай;Ростовская область;Южный федеральный округ;47.266918;39.869141
Вихоревка;Иркутская область;Сибирский федеральный округ;56.110722;101.18026
Альметьевск;Республика Татарстан;Приволжский федеральный округ;54.893219;52.34623
Александров;Владимирская область;Центральный федеральный округ;56.396759;38.72419
Александровск;Пермский край;Приволжский федеральный округ;59.159248;57.604019
Александровск-Сахалинский;Сахалинская область;Дальневосточный федеральный округ;50.90081;142.152023
Александровское;Ставропольский край;Северо-Кавказский федеральный округ;44.716492;43.016281
Алейск;Алтайский край;Сибирский федеральный округ;52.473621;82.757919
Алексин;Тульская область;Центральный федеральный округ;54.509521;37.061691
Алексеевка;Белгородская область;Центральный федеральный округ;50.634239;38.714161
Алдан;Республика Саха (Якутия);Дальневосточный федеральный округ;58.602169;125.368713
Видное;Московская область;Центральный федеральный округ;55.556728;37.712471
Ангарск;Иркутская область;Сибирский федеральный округ;52.541672;103.919548
Бобров;Воронежская область;Центральный федеральный округ;51.09211;40.035061
Анапа;Краснодарский край;Южный федеральный округ;44.89502;37.331039
Богородск;Нижегородская область;Приволжский федеральный округ;56.099628;43.507339
Апатиты;Мурманская область;Северо-Западный федеральный округ;67.57962;33.39098
Богучар;Воронежская область;Центральный федеральный округ;49.93737;40.559261
Богданович;Свердловская область;Уральский федеральный округ;56.78656;62.041012
Анадырь;Чукотский автономный округ;Дальневосточный федеральный округ;64.736656;177.477371
Бор;Нижегородская область;Приволжский федеральный округ;56.360352;44.059029
Борисоглебск;Воронежская область;Центральный федеральный округ;51.36594;42.08054
Воркута;Республика Коми;Северо-Западный федеральный округ;67.485046;64.029739
Боровичи;Новгородская область;Северо-Западный федеральный округ;58.395012;33.901199
Боровск;Калужская область;Центральный федеральный округ;55.202061;36.479431
Воробьевка;Воронежская область;Центральный федеральный округ;50.643921;40.945179
Горно-Алтайск;Республика Алтай;Сибирский федеральный округ;51.958118;85.971291
Горнозаводск;Пермский край;Приволжский федеральный округ;58.37532;58.322899
Воронеж;Воронежская область;Центральный федеральный округ;51.660019;39.197411
Городище;Волгоградская область;Южный федеральный округ;48.800549;44.478378
Городец;Нижегородская область;Приволжский федеральный округ;56.65015;43.470402
Анива;Сахалинская область;Дальневосточный федеральный округ;46.718601;142.525467
Волгоград;Волгоградская область;Южный федеральный округ;48.718079;44.504639
Волгодонск;Ростовская область;Южный федеральный округ;47.519039;42.141178
Голицыно;Московская область;Центральный федеральный округ;55.609516;36.983971
Бологое;Тверская область;Центральный федеральный округ;57.876301;34.073887
Вологда;Вологодская область;Северо-Западный федеральный округ;59.21524;39.876709
Волоколамск;Московская область;Центральный федеральный округ;56.04567;35.943951
Волоконовка;Белгородская область;Центральный федеральный округ;50.481941;37.862499
Волосово;Ленинградская область;Северо-Западный федеральный округ;59.447491;29.468691
Волхов;Ленинградская область;Северо-Западный федеральный округ;59.925339;32.32962
Вольно-Надеждинское;Приморский край;Дальневосточный федеральный округ;43.376041;131.986115
Вольск;Саратовская область;Приволжский федеральный округ;52.044861;47.376011
Большой Камень;Приморский край;Дальневосточный федеральный округ;43.110992;132.347
Волжск;Республика Марий Эл;Приволжский федеральный округ;55.870419;48.356049
Волжский;Волгоградская область;Южный федеральный округ;48.79509;44.80069
Анна;Воронежская область;Центральный федеральный округ;51.485352;40.43288
Воскресенск;Московская область;Центральный федеральный округ;55.317539;38.685928
Воскресенское;Московская область;Центральный федеральный округ;55.425728;38.057396
Амурск;Хабаровский край;Дальневосточный федеральный округ;50.22578;136.907104
Воткинск;Республика Удмуртия;Приволжский федеральный округ;57.057541;53.99511
Внуково;Московская область;Центральный федеральный округ;55.606899;37.310719
Бодайбо;Иркутская область;Сибирский федеральный округ;57.84745;114.17617
Анжеро-Судженск;Кемеровская область;Сибирский федеральный округ;56.064411;86.023369
Асбест;Свердловская область;Уральский федеральный округ;57.00568;61.469711
Астрахань;Астраханская область;Южный федеральный округ;46.354889;48.052719
Всеволожск;Ленинградская область;Северо-Западный федеральный округ;60.031422;30.63961
Губаха;Пермский край;Приволжский федеральный округ;58.864891;57.603008
Губкин;Белгородская область;Центральный федеральный округ;51.275436;37.560936
Бузулук;Оренбургская область;Приволжский федеральный округ;52.78524;52.25264
Вурнары;Республика Чувашия;Приволжский федеральный округ;55.488831;46.963989
Аткарск;Саратовская область;Приволжский федеральный округ;51.864201;44.990952
Буйнакск;Республика Дагестан;Северо-Кавказский федеральный округ;42.820629;47.117901
Гуково;Ростовская область;Южный федеральный округ;47.986641;39.939968
Гулькевичи;Краснодарский край;Южный федеральный округ;45.35358;40.694469
Гусиноозерск;Республика Бурятия;Сибирский федеральный округ;51.284081;106.526382
Гусь Хрустальный;Владимирская область;Центральный федеральный округ;55.61684;40.672661
Бутурлиновка;Воронежская область;Центральный федеральный округ;50.830631;40.586498
Гудермес;Республика Чечня;Северо-Кавказский федеральный округ;43.347652;46.093826
Буденновск;Ставропольский край;Северо-Кавказский федеральный округ;44.780739;44.148499
Выборг;Ленинградская область;Северо-Западный федеральный округ;60.703701;28.771061
Вырица;Ленинградская область;Северо-Западный федеральный округ;59.402569;30.34053
Выкса;Нижегородская область;Приволжский федеральный округ;55.319511;42.173
Выселки;Краснодарский край;Южный федеральный округ;45.58057;39.657551
Вышний Волочек;Тверская область;Центральный федеральный округ;57.591518;34.5564
"Аэропорт ""Домодедово""";Московская область;Центральный федеральный округ;55.417953;37.907005
Верхний Уфалей;Челябинская область;Уральский федеральный округ;56.049999;60.233334
Верхняя Пышма;Свердловская область;Уральский федеральный округ;57.1199;60.601101
Верхняя Салда;Свердловская область;Уральский федеральный округ;58.045601;60.553299
Березовка;Пермский край;Приволжский федеральный округ;57.602451;57.302979
Березовский;Свердловская область;Уральский федеральный округ;56.912811;60.804699
Березовский;Кемеровская область;Сибирский федеральный округ;55.572479;86.192734
Березники;Пермский край;Приволжский федеральный округ;59.40147;56.79948
Бердск;Новосибирская область;Сибирский федеральный округ;54.76355;83.103447
Белгород;Белгородская область;Центральный федеральный округ;50.596611;36.609211
Белая Калитва;Ростовская область;Южный федеральный округ;48.19244;40.773819
Великий Новгород;Новгородская область;Северо-Западный федеральный округ;58.544971;31.269119
Великий Устюг;Вологодская область;Северо-Западный федеральный округ;60.763229;46.307789
Великие Луки;Псковская область;Северо-Западный федеральный округ;56.346821;30.539
Белово;Кемеровская область;Сибирский федеральный округ;54.37674;86.349159
Белогорск;Амурская область;Дальневосточный федеральный округ;50.919991;128.469193
Белорецк;Республика Башкортостан;Приволжский федеральный округ;53.967201;58.416611
Белореченск;Краснодарский край;Южный федеральный округ;44.75425;39.885448
Вельск;Архангельская область;Северо-Западный федеральный округ;61.066971;42.10183
Геленджик;Краснодарский край;Южный федеральный округ;44.577709;38.080212
Георгиевск;Ставропольский край;Северо-Кавказский федеральный округ;44.14735;43.46875
Беслан;Республика Северная Осетия (Алания);Северо-Кавказский федеральный округ;43.192921;44.531033
Веселый;Ростовская область;Южный федеральный округ;47.32991;39.302719
Вешенская;Ростовская область;Южный федеральный округ;49.630821;41.726101
Адлер;Краснодарский край;Южный федеральный округ;43.44722;39.914539
Аша;Челябинская область;Уральский федеральный округ;55.002319;57.224812
Ачинск;Красноярский край;Сибирский федеральный округ;56.28236;90.517052
Вязьма;Смоленская область;Центральный федеральный округ;55.2122;34.309429
Вятские Поляны;Кировская область;Приволжский федеральный округ;56.221481;51.072689
Забайкальск;Забайкальский край;Сибирский федеральный округ;49.655739;117.322144
Заволжье;Нижегородская область;Приволжский федеральный округ;56.642479;43.392841
Зарайск;Московская область;Центральный федеральный округ;54.760559;38.882904
Заринск;Алтайский край;Сибирский федеральный округ;53.70895;84.967278
Заречный;Пензенская область;Приволжский федеральный округ;53.201141;45.192661
Заполярный;Мурманская область;Северо-Западный федеральный округ;69.429283;30.83742
Звенигород;Московская область;Центральный федеральный округ;55.731331;36.866138
Златоуст;Челябинская область;Уральский федеральный округ;55.186119;59.646099
Зима;Иркутская область;Сибирский федеральный округ;53.922371;102.048363
Зимовники;Ростовская область;Южный федеральный округ;47.160622;42.474232
Зерноград;Ростовская область;Южный федеральный округ;46.853531;40.310371
Зеленоград;Московская область;Центральный федеральный округ;55.988857;37.181683
Зеленогорск;Красноярский край;Сибирский федеральный округ;56.099998;94.583336
Зеленокумск;Ставропольский край;Северо-Кавказский федеральный округ;44.417599;43.869781
Раменское;Московская область;Центральный федеральный округ;55.565449;38.236851
Радужный;Владимирская область;Центральный федеральный округ;56.004391;40.33894
Радужный;Ханты-Мансийский автономный округ;Уральский федеральный округ;62.106319;77.480377
Романовская;Ростовская область;Южный федеральный округ;47.541531;42.029369
Рославль;Смоленская область;Центральный федеральный округ;53.951031;32.864399
Россошь;Воронежская область;Центральный федеральный округ;50.204361;39.5387
Ростов;Ярославская область;Центральный федеральный округ;57.19912;39.450359
Ростов-на-Дону;Ростовская область;Южный федеральный округ;47.233189;39.715
Родионово-Несветайская;Ростовская область;Южный федеральный округ;47.612862;39.706558
Рубцовск;Алтайский край;Сибирский федеральный округ;51.52113;81.202713
Руза;Московская область;Центральный федеральный округ;55.697941;36.203419
Рузаевка;Республика Мордовия;Приволжский федеральный округ;54.061378;44.959679
Румянцево;Московская область;Центральный федеральный округ;55.975849;36.547871
Рудня;Волгоградская область;Южный федеральный округ;50.79882;44.562672
Рыбинск;Ярославская область;Центральный федеральный округ;58.049999;38.833332
Ревда;Свердловская область;Уральский федеральный округ;56.811008;59.958149
Ремонтное;Ростовская область;Южный федеральный округ;46.565269;43.66362
Репьевка;Воронежская область;Центральный федеральный округ;51.07729;38.641441
Реутов;Московская область;Центральный федеральный округ;55.765011;37.873638
Ржакса;Тамбовская область;Центральный федеральный округ;52.128868;42.019459
Рязань;Рязанская область;Центральный федеральный округ;54.62466;39.738571
Ряжск;Рязанская область;Центральный федеральный округ;53.707821;40.05962
Кагальницкая;Ростовская область;Южный федеральный округ;46.881489;40.15295
Кавалерово;Приморский край;Дальневосточный федеральный округ;44.268311;135.045761
Кабанск;Республика Бурятия;Сибирский федеральный округ;52.055775;106.63208
Иваново;Ивановская область;Центральный федеральный округ;56.992409;40.967789
Ивантеевка;Московская область;Центральный федеральный округ;55.986912;37.96954
Лабытнанги;Ямало-Ненецкий автономный округ;Уральский федеральный округ;66.650665;66.416008
Казанская;Ростовская область;Южный федеральный округ;49.795689;41.13982
Казань;Республика Татарстан;Приволжский федеральный округ;55.796539;49.1082
Казлук;Республика Коми;Северо-Западный федеральный округ;62.108921;49.329414
Карагай;Пермский край;Приволжский федеральный округ;58.27116;54.938831
Карабаш;Челябинская область;Уральский федеральный округ;55.455841;60.20385
Калач;Воронежская область;Центральный федеральный округ;50.42461;41.025509
Калач-на-дону;Волгоградская область;Южный федеральный округ;48.690392;43.523251
Калининград;Калининградская область;Северо-Западный федеральный округ;54.711594;20.509972
Калуга;Калужская область;Центральный федеральный округ;54.514679;36.27142
Калтан;Кемеровская область;Сибирский федеральный округ;53.52232;87.278084
Калязин;Тверская область;Центральный федеральный округ;57.24469;37.83757
Лангепас;Ханты-Мансийский автономный округ;Уральский федеральный округ;61.263542;75.211662
Канаш;Республика Чувашия;Приволжский федеральный округ;55.505409;47.499531
Канск;Красноярский край;Сибирский федеральный округ;56.20451;95.731941
Кантемировка;Воронежская область;Центральный федеральный округ;49.694309;39.860481
Камышин;Волгоградская область;Южный федеральный округ;50.082581;45.392681
Каневская;Краснодарский край;Южный федеральный округ;46.079369;38.969261
Каменоломни;Ростовская область;Южный федеральный округ;47.66843;40.2145
Каменск-Уральский;Свердловская область;Уральский федеральный округ;56.426479;61.908489
Каменск-Шахтинский;Ростовская область;Южный федеральный округ;48.319328;40.263828
Камень-Рыболов;Приморский край;Дальневосточный федеральный округ;44.745392;132.03688
Кандалакша;Мурманская область;Северо-Западный федеральный округ;67.158028;32.420479
Касимов;Рязанская область;Центральный федеральный округ;54.94421;41.40678
Кашары;Ростовская область;Южный федеральный округ;49.040451;41.003471
Кашира;Московская область;Центральный федеральный округ;54.84343;38.182961
Качканар;Свердловская область;Уральский федеральный округ;58.698349;59.489391
Изобильный;Ставропольский край;Северо-Кавказский федеральный округ;45.373009;41.710281
Красноармейск;Московская область;Центральный федеральный округ;56.106693;38.132935
Красновишерск;Пермский край;Приволжский федеральный округ;60.400269;57.086712
Красногорск;Московская область;Центральный федеральный округ;55.82074;37.34597
Краснознаменск;Московская область;Центральный федеральный округ;55.599998;37.033333
Краснокамск;Пермский край;Приволжский федеральный округ;58.079781;55.731541
Краснокаменск;Забайкальский край;Сибирский федеральный округ;50.09005;118.032578
Красноуральск;Свердловская область;Уральский федеральный округ;58.348961;60.051991
Краснотурьинск;Свердловская область;Уральский федеральный округ;59.763851;60.20549
Красноуфимск;Свердловская область;Уральский федеральный округ;56.60775;57.772541
Краснодар;Краснодарский край;Южный федеральный округ;45.042149;38.98064
Красноярск;Красноярский край;Сибирский федеральный округ;56.001251;92.88559
Красный Сулин;Ростовская область;Южный федеральный округ;47.895;40.06794
Красный Яр;Самарская область;Приволжский федеральный округ;53.494171;50.40229
Иркутск;Иркутская область;Сибирский федеральный округ;52.275261;104.30864
Крымск;Краснодарский край;Южный федеральный округ;44.939041;37.994843
Иланский;Красноярский край;Сибирский федеральный округ;56.239937;96.071991
Кизляр;Республика Дагестан;Северо-Кавказский федеральный округ;43.84465;46.718689
Кизел;Пермский край;Приволжский федеральный округ;59.043308;57.65451
Кириллов;Вологодская область;Северо-Западный федеральный округ;59.85117;38.383209
Кириши;Ленинградская область;Северо-Западный федеральный округ;59.448078;32.02845
Киров;Кировская область;Приволжский федеральный округ;58.596081;49.662659
Кировград;Свердловская область;Уральский федеральный округ;57.419956;60.087418
Кирово-Чепецк;Кировская область;Приволжский федеральный округ;58.54977;50.039799
Кировск;Ленинградская область;Северо-Западный федеральный округ;59.87315;30.99581
Кировск;Мурманская область;Северо-Западный федеральный округ;67.632599;33.72398
Кировский;Приморский край;Дальневосточный федеральный округ;45.095451;133.495911
Киржач;Владимирская область;Центральный федеральный округ;56.157429;38.869732
Клин;Московская область;Центральный федеральный округ;56.331741;36.721649
Климовск;Московская область;Центральный федеральный округ;55.363586;37.526226
Иловля;Волгоградская область;Южный федеральный округ;49.304409;43.983528
Кимры;Тверская область;Центральный федеральный округ;56.8773;37.342941
Линево;Новосибирская область;Сибирский федеральный округ;54.46064;83.385162
Кинель;Самарская область;Приволжский федеральный округ;53.218475;50.623631
Липецк;Липецкая область;Центральный федеральный округ;52.605949;39.587681
Кинешма;Ивановская область;Центральный федеральный округ;57.449749;42.13208
Лиски;Воронежская область;Центральный федеральный округ;50.981071;39.52573
Кисловодск;Ставропольский край;Северо-Кавказский федеральный округ;43.923;42.7244
Киселевск;Кемеровская область;Сибирский федеральный округ;54.015171;86.64064
Когалым;Ханты-Мансийский автономный округ;Уральский федеральный округ;62.24012;74.526901
Ковров;Владимирская область;Центральный федеральный округ;56.386719;41.310871
Лобня;Московская область;Центральный федеральный округ;56.01384;37.47438
Ипатово;Ставропольский край;Северо-Кавказский федеральный округ;45.717491;42.914841
Коркино;Челябинская область;Уральский федеральный округ;54.913631;61.43174
Королев;Московская область;Центральный федеральный округ;55.944397;37.864746
Корсаков;Сахалинская область;Дальневосточный федеральный округ;46.631454;142.796524
Коряжма;Архангельская область;Северо-Западный федеральный округ;61.316559;47.146042
Кола;Мурманская область;Северо-Западный федеральный округ;68.875862;33.083591
Коломна;Московская область;Центральный федеральный округ;55.094559;38.775768
Кольчугино;Владимирская область;Центральный федеральный округ;56.306469;39.372101
Конаково;Тверская область;Центральный федеральный округ;56.69405;36.785881
Комсомольск-на-Амуре;Хабаровский край;Дальневосточный федеральный округ;50.538212;137.016907
Константиновск;Ростовская область;Южный федеральный округ;47.58543;41.108101
Копейск;Челябинская область;Уральский федеральный округ;55.118832;61.623619
Кондопога;Республика Карелия;Северо-Западный федеральный округ;62.211479;34.26347
Лосино-Петровский;Московская область;Центральный федеральный округ;55.876171;38.209148
Кострома;Костромская область;Центральный федеральный округ;57.780739;40.936691
Инта;Республика Коми;Северо-Западный федеральный округ;66.033142;60.165611
Котово;Волгоградская область;Южный федеральный округ;50.314598;44.799004
Котовск;Тамбовская область;Центральный федеральный округ;52.591438;41.505241
Котельники;Московская область;Центральный федеральный округ;55.663799;37.858482
Котельниково;Волгоградская область;Южный федеральный округ;47.620949;43.14954
Инжавино;Тамбовская область;Центральный федеральный округ;52.320869;42.4963
Кодинск;Красноярский край;Сибирский федеральный округ;58.599998;99.183334
Йошкар-Ола;Республика Марий Эл;Приволжский федеральный округ;56.637501;47.891499
Искитим;Новосибирская область;Сибирский федеральный округ;54.640209;83.306343
Истра;Московская область;Центральный федеральный округ;55.774162;37.149395
Кстово;Нижегородская область;Приволжский федеральный округ;56.1516;44.195629
Луга;Ленинградская область;Северо-Западный федеральный округ;58.72802;29.84717
Куанда;Забайкальский край;Сибирский федеральный округ;56.33168;116.103592
Кузнецк;Пензенская область;Приволжский федеральный округ;53.117298;46.612091
Курагино;Красноярский край;Сибирский федеральный округ;53.89629;92.666702
Курган;Курганская область;Уральский федеральный округ;55.45369;65.342323
Курганинск;Краснодарский край;Южный федеральный округ;44.888649;40.59639
Курсавка;Ставропольский край;Северо-Кавказский федеральный округ;44.456131;42.504639
Курск;Курская область;Центральный федеральный округ;51.740261;36.184879
Курчатов;Курская область;Центральный федеральный округ;51.665218;35.6464
Куйбышев;Новосибирская область;Сибирский федеральный округ;55.454029;78.304626
Кулебаки;Нижегородская область;Приволжский федеральный округ;55.415501;42.529251
Купавна;Московская область;Центральный федеральный округ;55.745842;38.11797
Кунгур;Пермский край;Приволжский федеральный округ;57.42989;56.950008
Кумертау;Республика Башкортостан;Приволжский федеральный округ;52.769329;55.793468
Луховицы;Московская область;Центральный федеральный округ;54.962051;39.02673
Кудымкар;Пермский край;Приволжский федеральный округ;59.009411;54.668381
Кушва;Свердловская область;Уральский федеральный округ;58.28857;59.755299
Лучегорск;Приморский край;Дальневосточный федеральный округ;46.438591;134.301895
Кызыл;Республика Тыва (Тува);Сибирский федеральный округ;51.721909;94.417397
Лысково;Нижегородская область;Приволжский федеральный округ;56.012699;45.025341
Лысьва;Пермский край;Приволжский федеральный округ;58.10038;57.804329
Лыткарино;Московская область;Центральный федеральный округ;55.577759;37.90921
Кыштым;Челябинская область;Уральский федеральный округ;55.71859;60.549591
Левокумское;Ставропольский край;Северо-Кавказский федеральный округ;44.822273;44.654617
Лебедянь;Липецкая область;Центральный федеральный округ;53.005421;39.150589
Лермонтов;Ставропольский край;Северо-Кавказский федеральный округ;44.108204;42.95969
Лениногорск;Республика Татарстан;Приволжский федеральный округ;54.597561;52.458271
Ленинск;Волгоградская область;Южный федеральный округ;48.702221;45.204819
Ленинск-Кузнецкий;Кемеровская область;Сибирский федеральный округ;54.668171;86.179131
Ленск;Республика Саха (Якутия);Дальневосточный федеральный округ;60.72686;114.945312
Кемерово;Кемеровская область;Сибирский федеральный округ;55.371239;86.052437
Лесозаводск;Приморский край;Дальневосточный федеральный округ;45.483021;133.431641
Лесной;Свердловская область;Уральский федеральный округ;57.201637;60.763428
Лесосибирск;Красноярский край;Сибирский федеральный округ;58.24205;92.464928
Летняя Ставка;Ставропольский край;Северо-Кавказский федеральный округ;45.424969;43.442799
Ижевск;Республика Удмуртия;Приволжский федеральный округ;56.842609;53.224449
Ишимбай;Республика Башкортостан;Приволжский федеральный округ;53.452728;56.03434
Люберцы;Московская область;Центральный федеральный округ;55.683949;37.881088
п. Лесной Городок;Московская область;Центральный федеральный округ;55.641018;37.207718
Магадан;Магаданская область;Дальневосточный федеральный округ;59.55632;150.81308
Навашино;Нижегородская область;Приволжский федеральный округ;55.55175;42.191849
Павлово;Нижегородская область;Приволжский федеральный округ;55.961948;43.089901
Павловский Посад;Московская область;Центральный федеральный округ;55.780724;38.657387
Навля;Брянская область;Центральный федеральный округ;52.8195;34.483719
Магнитогорск;Челябинская область;Уральский федеральный округ;53.45932;59.082581
Набережные Челны;Республика Татарстан;Приволжский федеральный округ;55.73;52.43322
Назарово;Красноярский край;Сибирский федеральный округ;56.010929;90.395309
Назрань;Республика Ингушетия;Северо-Кавказский федеральный округ;43.216667;44.766666
Мариинск;Кемеровская область;Сибирский федеральный округ;56.21373;87.751587
Маркс;Саратовская область;Приволжский федеральный округ;51.70768;46.749199
Наро-Фоминск;Московская область;Центральный федеральный округ;55.383228;36.75568
Нарьян-Мар;Ненецкий автономный округ;Северо-Западный федеральный округ;67.669144;53.082001
Малаховка;Московская область;Центральный федеральный округ;55.649712;38.011131
Палласовка;Волгоградская область;Южный федеральный округ;50.044819;46.893799
Майкоп;Республика Адыгея;Южный федеральный округ;44.609138;40.113209
Малоярославец;Калужская область;Центральный федеральный округ;55.00919;36.476109
Нальчик;Республика Кабардино-Балкария;Северо-Кавказский федеральный округ;43.48695;43.602989
Панино;Воронежская область;Центральный федеральный округ;51.64584;40.140759
Обнинск;Калужская область;Центральный федеральный округ;55.100109;36.6241
Нахабино;Московская область;Центральный федеральный округ;55.837891;37.191662
Матвеев Курган;Ростовская область;Южный федеральный округ;47.571621;38.868889
Махачкала;Республика Дагестан;Северо-Кавказский федеральный округ;42.972759;47.493599
Находка;Приморский край;Дальневосточный федеральный округ;42.781738;132.8591
Обь;Новосибирская область;Сибирский федеральный округ;54.99651;82.729233
Надым;Ямало-Ненецкий автономный округ;Уральский федеральный округ;65.535423;72.543503
Озерск;Челябинская область;Уральский федеральный округ;55.755791;60.71413
Орлов;Кировская область;Приволжский федеральный округ;58.543629;48.895679
Орловский;Ростовская область;Южный федеральный округ;46.877541;42.055698
Приморско-Ахтарск;Краснодарский край;Южный федеральный округ;46.055119;38.19413
Прокопьевск;Кемеровская область;Сибирский федеральный округ;53.880951;86.727524
Протвино;Московская область;Центральный федеральный округ;54.86594;37.216572
Прохоровка;Белгородская область;Центральный федеральный округ;51.033333;36.733334
Орск;Оренбургская область;Приволжский федеральный округ;51.21838;58.62038
Орел;Орловская область;Центральный федеральный округ;52.968452;36.069492
Оренбург;Оренбургская область;Приволжский федеральный округ;51.768242;55.10371
Орехово-Зуево;Московская область;Центральный федеральный округ;55.807091;38.989471
Орда;Пермский край;Приволжский федеральный округ;57.195591;56.920021
Миасс;Челябинская область;Уральский федеральный округ;55.032791;60.121868
Мирный;Архангельская область;Северо-Западный федеральный округ;62.75893;40.339409
Мирный;Республика Саха (Якутия);Дальневосточный федеральный округ;62.530819;113.976181
Пикалево;Ленинградская область;Северо-Западный федеральный округ;56.587704;38.502499
Миллерово;Ростовская область;Южный федеральный округ;48.92363;40.40797
Николаевск;Волгоградская область;Южный федеральный округ;50.021641;45.46233
Николаевск-на-Амуре;Хабаровский край;Дальневосточный федеральный округ;53.1427;140.706406
Микунь;Республика Коми;Северо-Западный федеральный округ;62.359806;50.068817
Минусинск;Красноярский край;Сибирский федеральный округ;53.71405;91.712692
Минеральные Воды;Ставропольский край;Северо-Кавказский федеральный округ;44.214199;43.135109
Михайловка;Волгоградская область;Южный федеральный округ;50.06472;43.257641
Михайловка;Приморский край;Дальневосточный федеральный округ;43.930679;132.006943
Питкяранта;Республика Карелия;Северо-Западный федеральный округ;61.57349;31.47897
Михнево;Московская область;Центральный федеральный округ;55.12624;37.966881
Октябрьский;Республика Башкортостан;Приволжский федеральный округ;54.48505;53.455421
Октябрьский;Волгоградская область;Южный федеральный округ;47.969643;43.640747
Ольга;Приморский край;Дальневосточный федеральный округ;43.74754;135.28653
Ольховатка;Воронежская область;Центральный федеральный округ;50.286091;39.29768
Оленегорск;Мурманская область;Северо-Западный федеральный округ;68.1549;33.235561
Нижний Архыз;Республика Карачаево-Черкессия;Северо-Кавказский федеральный округ;43.68412;41.482281
Нижний Новгород;Нижегородская область;Приволжский федеральный округ;56.329918;44.009193
Нижний Тагил;Свердловская область;Уральский федеральный округ;57.9366;59.977249
Нижние Серги;Свердловская область;Уральский федеральный округ;56.666668;59.299999
Нижневартовск;Ханты-Мансийский автономный округ;Уральский федеральный округ;60.948009;76.555847
Нижнекамск;Республика Татарстан;Приволжский федеральный округ;55.629379;51.81094
Нижнеудинск;Иркутская область;Сибирский федеральный округ;54.906269;99.025429
Нижняя Салда;Свердловская область;Уральский федеральный округ;58.13065;60.9104
Нижняя Тура;Свердловская область;Уральский федеральный округ;58.782398;59.76305
Мичуринск;Тамбовская область;Центральный федеральный округ;52.900108;40.47987
Новая Усмань;Воронежская область;Центральный федеральный округ;51.614849;39.382198
Ногинск;Московская область;Центральный федеральный округ;55.855888;38.451519
Новоалександровск;Ставропольский край;Северо-Кавказский федеральный округ;45.493282;41.216747
Нововоронеж;Воронежская область;Центральный федеральный округ;51.306541;39.20665
Новоаннинский;Волгоградская область;Южный федеральный округ;50.521839;42.664371
Новороссийск;Краснодарский край;Южный федеральный округ;44.752861;37.768311
Новокубанск;Краснодарский край;Южный федеральный округ;45.107868;41.049679
Новокузнецк;Кемеровская область;Сибирский федеральный округ;53.740749;87.113487
Новокуйбышевск;Самарская область;Приволжский федеральный округ;53.10807;49.92091
Новопавловск;Ставропольский край;Северо-Кавказский федеральный округ;43.963779;43.631699
Новониколаевский;Волгоградская область;Южный федеральный округ;50.9813;42.368629
Новомичуринск;Рязанская область;Центральный федеральный округ;54.033161;39.737289
Новомосковск;Тульская область;Центральный федеральный округ;54.079639;38.229549
Новосибирск;Новосибирская область;Сибирский федеральный округ;55.03923;82.927818
Новоуральск;Свердловская область;Уральский федеральный округ;57.25;60.083332
Новотроицк;Оренбургская область;Приволжский федеральный округ;51.208981;58.303089
Новодвинск;Архангельская область;Северо-Западный федеральный округ;64.423447;40.820412
Новошахтинск;Ростовская область;Южный федеральный округ;47.75872;39.933609
Новошахтинский;Приморский край;Дальневосточный федеральный округ;44.027599;132.159027
Могоча;Забайкальский край;Сибирский федеральный округ;53.75;119.739998
Новочебоксарск;Республика Чувашия;Приволжский федеральный округ;56.099987;47.496471
Новочеркасск;Ростовская область;Южный федеральный округ;47.421982;40.091991
Новый Рогачик;Волгоградская область;Южный федеральный округ;48.668118;44.065304
Новый Оскол;Белгородская область;Центральный федеральный округ;50.761471;37.869511
Новый Ургал;Хабаровский край;Дальневосточный федеральный округ;51.073612;132.564163
Новый Уренгой;Ямало-Ненецкий автономный округ;Уральский федеральный округ;66.094162;76.702522
Норильск;Красноярский край;Сибирский федеральный округ;69.330406;88.220482
Морозовск;Ростовская область;Южный федеральный округ;48.356541;41.816929
Поронайск;Сахалинская область;Дальневосточный федеральный округ;49.21505;143.09108
Покровка;Приморский край;Дальневосточный федеральный округ;43.955009;131.628235
Покровское;Калининградская область;Северо-Западный федеральный округ;54.646072;22.159258
Полевской;Свердловская область;Уральский федеральный округ;56.440899;60.190731
Мончегорск;Мурманская область;Северо-Западный федеральный округ;67.922997;32.952728
пос. Вешки;Московская область;Центральный федеральный округ;55.928761;37.617352
пос. Лесной;Московская область;Центральный федеральный округ;56.084949;37.92149
Омск;Омская область;Сибирский федеральный округ;54.970901;73.393753
Москва;Москва;Центральный федеральный округ;55.755787;37.617634
Похвистнево;Самарская область;Приволжский федеральный округ;53.656189;52.127689
Можга;Республика Удмуртия;Приволжский федеральный округ;56.369301;52.24929
Можайск;Московская область;Центральный федеральный округ;55.504791;36.033562
Подольск;Московская область;Центральный федеральный округ;55.432041;37.55183
Ноябрьск;Ямало-Ненецкий автономный округ;Уральский федеральный округ;63.175701;75.41391
Оса;Пермский край;Приволжский федеральный округ;57.283428;55.454708
Псков;Псковская область;Северо-Западный федеральный округ;57.824371;28.33049
Муравленко;Ямало-Ненецкий автономный округ;Уральский федеральный округ;63.760029;74.524429
Отрадное;Ленинградская область;Северо-Западный федеральный округ;59.771259;30.816031
Мурманск;Мурманская область;Северо-Западный федеральный округ;68.953178;33.107052
Муром;Владимирская область;Центральный федеральный округ;55.574291;42.05151
Пулково;Санкт-Петербург;Северо-Западный федеральный округ;59.77021;30.344749
Путилково;Московская область;Центральный федеральный округ;55.863262;37.391453
Пущино;Московская область;Центральный федеральный округ;54.841431;37.638088
Пушкино;Московская область;Центральный федеральный округ;56.011589;37.861759
Нытва;Пермский край;Приволжский федеральный округ;57.940529;55.331322
Мытищи;Московская область;Центральный федеральный округ;55.918911;37.758419
Пыть-ях;Ханты-Мансийский автономный округ;Уральский федеральный округ;60.74976;72.859283
Мышкин;Ярославская область;Центральный федеральный округ;57.787491;38.442539
Мегион;Ханты-Мансийский автономный округ;Уральский федеральный округ;61.0504;76.113472
Невинномысск;Ставропольский край;Северо-Кавказский федеральный округ;44.633308;41.93364
Невьянск;Свердловская область;Уральский федеральный округ;57.491871;60.207699
Первомайск;Нижегородская область;Приволжский федеральный округ;54.867371;43.821091
Первоуральск;Свердловская область;Уральский федеральный округ;56.92305;59.9422
Пермь;Пермский край;Приволжский федеральный округ;57.997169;56.235279
Переславль-Залесский;Ярославская область;Центральный федеральный округ;56.742111;38.864559
Нерехта;Костромская область;Центральный федеральный округ;57.453281;40.5798
Нерюнгри;Республика Саха (Якутия);Дальневосточный федеральный округ;56.671799;124.650436
Пенза;Пензенская область;Приволжский федеральный округ;53.200932;45.010422
Менделеево;Калининградская область;Северо-Западный федеральный округ;54.787125;20.747124
Менделеевск;Республика Татарстан;Приволжский федеральный округ;55.90892;52.29187
Песьянка;Пермский край;Приволжский федеральный округ;57.320801;55.79562
Нехаевский;Волгоградская область;Южный федеральный округ;50.41671;41.75946
Петрозаводск;Республика Карелия;Северо-Западный федеральный округ;61.7822;34.36208
Петропавловск-Камчатский;Камчатский край;Дальневосточный федеральный округ;53.061562;158.622482
Нефтегорск;Самарская область;Приволжский федеральный округ;52.802898;51.17337
Нефтекамск;Республика Башкортостан;Приволжский федеральный округ;56.091728;54.261662
Нефтекумск;Ставропольский край;Северо-Кавказский федеральный округ;44.753681;44.99028
Нефтеюганск;Ханты-Мансийский автономный округ;Уральский федеральный округ;61.102322;72.60405
Медвежьегорск;Республика Карелия;Северо-Западный федеральный округ;62.91148;34.434586
Медногорск;Оренбургская область;Приволжский федеральный округ;51.407261;57.581749
Междуреченск;Кемеровская область;Сибирский федеральный округ;53.721619;88.068817
Печора;Республика Коми;Северо-Западный федеральный округ;65.144493;57.228489
Одинцово;Московская область;Центральный федеральный округ;55.671741;37.28109
Очер;Пермский край;Приволжский федеральный округ;57.881401;54.720558
Пятигорск;Ставропольский край;Северо-Кавказский федеральный округ;44.04591;43.058739
Саракташ;Оренбургская область;Приволжский федеральный округ;51.791828;56.35215
Саранск;Республика Мордовия;Приволжский федеральный округ;54.181381;45.17569
Сарапул;Республика Удмуртия;Приволжский федеральный округ;56.476261;53.797562
Саратов;Саратовская область;Приволжский федеральный округ;51.533268;46.03455
Саров;Нижегородская область;Приволжский федеральный округ;54.930145;43.337208
Салават;Республика Башкортостан;Приволжский федеральный округ;53.359249;55.92992
Салым;Ханты-Мансийский автономный округ;Уральский федеральный округ;60.06599;71.460327
Сальск;Ростовская область;Южный федеральный округ;46.474861;41.535431
Салехард;Ямало-Ненецкий автономный округ;Уральский федеральный округ;66.530937;66.602432
Самара;Самарская область;Приволжский федеральный округ;53.20216;50.159618
Свободный;Амурская область;Дальневосточный федеральный округ;51.393631;128.123245
Санкт-Петербург;Санкт-Петербург;Северо-Западный федеральный округ;59.939037;30.315784
Сатка;Челябинская область;Уральский федеральный округ;55.04678;58.973091
Сафоново;Смоленская область;Центральный федеральный округ;55.10754;33.26759
Светлоград;Ставропольский край;Северо-Кавказский федеральный округ;45.335289;42.854858
Светлогорск;Калининградская область;Северо-Западный федеральный округ;54.94326;20.15519
Светлый;Калининградская область;Северо-Западный федеральный округ;54.677113;20.136379
Светлый Яр;Волгоградская область;Южный федеральный округ;48.468571;44.749012
Саяногорск;Республика Хакасия;Сибирский федеральный округ;53.089642;91.415703
Средняя Ахтуба;Волгоградская область;Южный федеральный округ;48.70887;44.874191
Сибай;Республика Башкортостан;Приволжский федеральный округ;52.710079;58.6637
Славянка;Приморский край;Дальневосточный федеральный округ;42.870541;131.371567
Славянск-на-Кубани;Краснодарский край;Южный федеральный округ;45.256371;38.12487
Сковородино;Амурская область;Дальневосточный федеральный округ;53.984261;123.948349
Собинка;Владимирская область;Центральный федеральный округ;55.984291;39.987511
Спасск-Дальний;Приморский край;Дальневосточный федеральный округ;44.597721;132.825012
Совхоз имени Ленина;Московская область;Центральный федеральный округ;55.58604;37.732506
Советск;Калининградская область;Северо-Западный федеральный округ;55.071774;21.882612
Советская Гавань;Хабаровский край;Дальневосточный федеральный округ;48.970188;140.291306
Советский;Ханты-Мансийский автономный округ;Уральский федеральный округ;61.366711;63.543209
Сортавала;Республика Карелия;Северо-Западный федеральный округ;61.71196;30.702841
Соликамск;Пермский край;Приволжский федеральный округ;59.63625;56.766788
Солнечная Долина;Челябинская область;Уральский федеральный округ;56.040054;60.727829
Солнечногорск;Московская область;Центральный федеральный округ;56.18457;36.978432
Смоленск;Смоленская область;Центральный федеральный округ;54.781101;32.048889
Сосновоборск;Красноярский край;Сибирский федеральный округ;56.13406;93.383247
Сосновый Бор;Ленинградская область;Северо-Западный федеральный округ;59.893131;29.09503
Снежинск;Челябинская область;Уральский федеральный округ;55.891819;60.763729
Сочи;Краснодарский край;Южный федеральный округ;43.611599;39.722488
Ставрополь;Ставропольский край;Северо-Кавказский федеральный округ;45.039131;41.98214
Старая Русса;Новгородская область;Северо-Западный федеральный округ;57.98967;31.35219
Старая Купавна;Московская область;Центральный федеральный округ;55.806896;38.17889
Старая Полтавка;Волгоградская область;Южный федеральный округ;50.476788;46.481148
Старая Чара;Забайкальский край;Сибирский федеральный округ;56.904449;118.250237
Старый Оскол;Белгородская область;Центральный федеральный округ;51.304901;37.856892
Суворов;Тульская область;Центральный федеральный округ;54.12516;36.49942
Сургут;Ханты-Мансийский автономный округ;Уральский федеральный округ;61.25716;73.400993
Стрежевой;Томская область;Сибирский федеральный округ;60.739071;77.550377
Сходня;Московская область;Центральный федеральный округ;55.945259;37.309227
Сухой Лог;Свердловская область;Уральский федеральный округ;56.895988;62.027569
Ступино;Московская область;Центральный федеральный округ;54.898361;38.08672
Стерлитамак;Республика Башкортостан;Приволжский федеральный округ;53.622341;55.957581
Степное;Ставропольский край;Северо-Кавказский федеральный округ;44.272747;44.574913
Сызрань;Самарская область;Приволжский федеральный округ;53.173111;48.46928
Сыктывкар;Республика Коми;Северо-Западный федеральный округ;61.681862;50.812771
Сысерть;Свердловская область;Уральский федеральный округ;56.502602;60.807339
Северобайкальск;Республика Бурятия;Сибирский федеральный округ;55.63438;109.325317
Северодвинск;Архангельская область;Северо-Западный федеральный округ;64.566879;39.846809
Северск;Томская область;Сибирский федеральный округ;56.599998;84.849998
Сегежа;Республика Карелия;Северо-Западный федеральный округ;63.743439;34.30312
Сергач;Нижегородская область;Приволжский федеральный округ;55.527538;45.4632
Сергиев Посад;Московская область;Центральный федеральный округ;56.310749;38.133041
Серов;Свердловская область;Уральский федеральный округ;59.598202;60.588459
Серпухов;Московская область;Центральный федеральный округ;54.920609;37.416901
Сертолово;Ленинградская область;Северо-Западный федеральный округ;60.145821;30.21096
Серебряные Пруды;Московская область;Центральный федеральный округ;54.469761;38.720928
Селятино;Московская область;Центральный федеральный округ;55.514584;36.976055
Семикаракорск;Ростовская область;Южный федеральный округ;47.513962;40.811501
Семенов;Нижегородская область;Приволжский федеральный округ;56.792542;44.501011
Сестрорецк;Санкт-Петербург;Северо-Западный федеральный округ;60.083229;29.95672
Хабаровск;Хабаровский край;Дальневосточный федеральный округ;48.476719;135.09407
Таганрог;Ростовская область;Южный федеральный округ;47.221729;38.893318
Тарасовский;Ростовская область;Южный федеральный округ;48.730179;40.368568
Тарко-сале;Ямало-Ненецкий автономный округ;Уральский федеральный округ;64.919746;77.78817
Тайга;Кемеровская область;Сибирский федеральный округ;56.061272;85.622787
Углич;Ярославская область;Центральный федеральный округ;57.524689;38.332821
Таксимо;Республика Бурятия;Сибирский федеральный округ;56.339352;114.892342
Тайшет;Иркутская область;Сибирский федеральный округ;55.934219;97.991211
Тамбов;Тамбовская область;Центральный федеральный округ;52.7211;41.417351
Ханты-Мансийск;Ханты-Мансийский автономный округ;Уральский федеральный округ;61.00079;69.006241
Хасавюрт;Республика Дагестан;Северо-Кавказский федеральный округ;43.246769;46.58939
Татищево;Саратовская область;Приволжский федеральный округ;51.67215;45.598061
Тверь;Тверская область;Центральный федеральный округ;56.857929;35.923828
Увельский;Челябинская область;Уральский федеральный округ;54.436146;61.37653
Таштагол;Кемеровская область;Сибирский федеральный округ;52.766048;87.876198
Урай;Ханты-Мансийский автономный округ;Уральский федеральный округ;60.133301;64.80909
Фролово;Волгоградская область;Южный федеральный округ;49.76931;43.656818
Троицк;Московская область;Центральный федеральный округ;55.49654;37.318432
Троицк;Челябинская область;Уральский федеральный округ;54.110538;61.580051
Трудовое;Приморский край;Дальневосточный федеральный округ;43.301418;132.085281
Урень;Нижегородская область;Приволжский федеральный округ;57.460781;45.784988
Трехгорный;Челябинская область;Уральский федеральный округ;54.799999;58.450001
Урюпинск;Волгоградская область;Южный федеральный округ;50.80294;42.029491
Фрязино;Московская область;Центральный федеральный округ;55.95694;38.057911
Фрязево;Московская область;Центральный федеральный округ;55.731197;38.468552
Улан-Удэ;Республика Бурятия;Сибирский федеральный округ;51.840839;107.608093
Хилок;Забайкальский край;Сибирский федеральный округ;51.353889;110.46244
Тимашевск;Краснодарский край;Южный федеральный округ;45.61692;38.9431
Химки;Московская область;Центральный федеральный округ;55.88781;37.44418
Тихвин;Ленинградская область;Северо-Западный федеральный округ;59.63821;33.515999
Тихорецк;Краснодарский край;Южный федеральный округ;45.85318;40.128288
Ульяновск;Ульяновская область;Приволжский федеральный округ;54.32148;48.385651
Тобольск;Тюменская область;Уральский федеральный округ;58.184097;68.254623
Хороль;Приморский край;Дальневосточный федеральный округ;44.425419;132.073868
Фокино;Приморский край;Дальневосточный федеральный округ;42.970631;132.406738
Холмск;Сахалинская область;Дальневосточный федеральный округ;47.062469;142.06131
Тольятти;Самарская область;Приволжский федеральный округ;53.535561;49.409569
Топки;Кемеровская область;Сибирский федеральный округ;55.272007;85.614502
Томилино;Московская область;Центральный федеральный округ;55.653099;37.949669
Томск;Томская область;Сибирский федеральный округ;56.463989;84.962547
Тосно;Ленинградская область;Северо-Западный федеральный округ;59.540291;30.88051
Унеча;Брянская область;Центральный федеральный округ;52.848701;32.67046
Усинск;Республика Коми;Северо-Западный федеральный округ;66.009308;57.547401
Уссурийск;Приморский край;Дальневосточный федеральный округ;43.816299;131.989365
Усть-Катав;Челябинская область;Уральский федеральный округ;54.93565;58.176769
Усть-Илимск;Иркутская область;Сибирский федеральный округ;58.031475;102.817848
Усть-Кинельский;Самарская область;Приволжский федеральный округ;53.268551;50.568352
Усть-Кут;Иркутская область;Сибирский федеральный округ;56.798019;105.765572
Уфа;Республика Башкортостан;Приволжский федеральный округ;54.7355;55.991982
Туапсе;Краснодарский край;Южный федеральный округ;44.103458;39.074699
Тула;Тульская область;Центральный федеральный округ;54.196678;37.617828
Туймазы;Республика Башкортостан;Приволжский федеральный округ;54.601742;53.725471
Ухта;Республика Коми;Северо-Западный федеральный округ;63.569611;53.672981
Тутаев;Ярославская область;Центральный федеральный округ;57.615654;39.784031
Тымовское;Сахалинская область;Дальневосточный федеральный округ;50.850788;142.660172
Тында;Амурская область;Дальневосточный федеральный округ;55.149879;124.722473
Терней;Приморский край;Дальневосточный федеральный округ;45.042881;136.604675
Тейково;Ивановская область;Центральный федеральный округ;56.855049;40.532669
Темрюк;Краснодарский край;Южный федеральный округ;45.279758;37.38089
Удомля;Тверская область;Центральный федеральный округ;57.872669;35.007809
Тюмень;Тюменская область;Уральский федеральный округ;57.154949;65.51564
Учалы;Республика Башкортостан;Приволжский федеральный округ;54.302628;59.424255
Щербинка;Московская область;Центральный федеральный округ;55.499763;37.576847
Щелково;Московская область;Центральный федеральный округ;55.917469;38.01144
Элиста;Республика Калмыкия;Южный федеральный округ;46.312962;44.25346
Электрогорск;Московская область;Центральный федеральный округ;55.883049;38.78043
Электросталь;Московская область;Центральный федеральный округ;55.786968;38.435619
Электроугли;Московская область;Центральный федеральный округ;55.728657;38.197746
Энгельс;Саратовская область;Приволжский федеральный округ;51.479679;46.110069
Егорлык;Ростовская область;Южный федеральный округ;46.293217;41.785385
Егорлыкская;Ростовская область;Южный федеральный округ;46.570709;40.66618
Егорьевск;Московская область;Центральный федеральный округ;55.380039;39.03569
Ерофей-Павлович;Амурская область;Дальневосточный федеральный округ;53.963181;121.954376
Елабуга;Республика Татарстан;Приволжский федеральный округ;55.761799;52.06139
Елань;Волгоградская область;Южный федеральный округ;50.949039;43.723301
Екатеринбург;Свердловская область;Уральский федеральный округ;56.837814;60.596844
Елизово;Камчатский край;Дальневосточный федеральный округ;53.182995;158.382339
Ейск;Краснодарский край;Южный федеральный округ;46.691879;38.285641
Елец;Липецкая область;Центральный федеральный округ;52.622028;38.50526
Еманжелинск;Челябинская область;Уральский федеральный округ;54.752899;61.32476
Ессентуки;Ставропольский край;Северо-Кавказский федеральный округ;44.049809;42.857239
Ефремов;Тульская область;Центральный федеральный округ;53.13905;38.113689
Далматово;Курганская область;Уральский федеральный округ;56.26442;62.932629
Дальнегорск;Приморский край;Дальневосточный федеральный округ;44.560822;135.570251
Дальнереченск;Приморский край;Дальневосточный федеральный округ;45.928711;133.738235
Дзержинск;Нижегородская область;Приволжский федеральный округ;56.23542;43.445271
Дзержинский;Московская область;Центральный федеральный округ;55.628078;37.839806
Дивногорск;Красноярский край;Сибирский федеральный округ;55.95023;92.375107
Дивное;Ставропольский край;Северо-Кавказский федеральный округ;45.909531;43.348949
Жигулевск;Самарская область;Приволжский федеральный округ;53.411221;49.534931
Жирновск;Волгоградская область;Южный федеральный округ;50.981674;44.772907
Димитровград;Ульяновская область;Приволжский федеральный округ;54.22364;49.615059
Добрянка;Пермский край;Приволжский федеральный округ;58.4603;56.408859
Долгопрудный;Московская область;Центральный федеральный округ;55.929729;37.52457
Дмитров;Московская область;Центральный федеральный округ;56.362499;37.541111
Домодедово;Московская область;Центральный федеральный округ;55.45541;37.75779
Донецк;Ростовская область;Южный федеральный округ;48.337929;39.96183
Дубна;Московская область;Центральный федеральный округ;56.755192;37.139721
Дубовка;Волгоградская область;Южный федеральный округ;49.058788;44.817429
Жуковка;Брянская область;Центральный федеральный округ;53.538971;33.736179
Жуковский;Московская область;Центральный федеральный округ;55.59325;38.11961
Дудинка;Красноярский край;Сибирский федеральный округ;69.40834;86.181664
Дербент;Республика Дагестан;Северо-Кавказский федеральный округ;42.057831;48.30048
Железногорск;Курская область;Центральный федеральный округ;52.325729;35.369381
Железногорск;Красноярский край;Сибирский федеральный округ;56.25;93.533333
Железногорск-Илимский;Иркутская область;Сибирский федеральный округ;56.57505;104.11747
Железноводск;Ставропольский край;Северо-Кавказский федеральный округ;44.14278;43.01672
Железнодорожный;Московская область;Центральный федеральный округ;55.747391;38.006859
Демидово;Владимирская область;Центральный федеральный округ;55.397949;40.300636
Десногорск;Смоленская область;Центральный федеральный округ;54.154793;33.28651
Дедовск;Московская область;Центральный федеральный округ;55.86174;37.130245
Цимлянск;Ростовская область;Южный федеральный округ;47.65102;42.090672
Целина;Ростовская область;Южный федеральный округ;46.529099;41.02702
Чайковский;Пермский край;Приволжский федеральный округ;56.764381;54.106319
Чалтырь;Ростовская область;Южный федеральный округ;47.28653;39.50238
Чапаевск;Самарская область;Приволжский федеральный округ;52.969608;49.69286
Чамзинка;Республика Мордовия;Приволжский федеральный округ;54.413338;45.791187
Чита;Забайкальский край;Сибирский федеральный округ;52.045429;113.498627
Чусовой;Пермский край;Приволжский федеральный округ;58.288189;57.82666
Чудово;Новгородская область;Северо-Западный федеральный округ;59.126831;31.681545
Чебаркуль;Челябинская область;Уральский федеральный округ;54.99313;60.38583
Чебоксары;Республика Чувашия;Приволжский федеральный округ;56.137451;47.24403
Чегдомын;Хабаровский край;Дальневосточный федеральный округ;51.116901;132.977478
Черкесск;Республика Карачаево-Черкессия;Северо-Кавказский федеральный округ;44.23085;42.06477
Черниговка;Приморский край;Дальневосточный федеральный округ;44.340469;132.56311
Черногорск;Республика Хакасия;Сибирский федеральный округ;53.826839;91.301826
Черноголовка;Московская область;Центральный федеральный округ;56.012989;38.388531
Чернушка;Пермский край;Приволжский федеральный округ;56.502522;56.087399
Чернышевск;Забайкальский край;Сибирский федеральный округ;52.530739;117.021461
Черняховск;Калининградская область;Северо-Западный федеральный округ;54.636921;21.807932
Чертково;Ростовская область;Южный федеральный округ;49.39061;40.142071
Череповец;Вологодская область;Северо-Западный федеральный округ;59.129822;38.001308
Челябинск;Челябинская область;Уральский федеральный округ;55.159889;61.40258
Чехов;Московская область;Центральный федеральный округ;55.142399;37.460979
Шарыпово;Красноярский край;Сибирский федеральный округ;55.53159;89.204712
Шарья;Костромская область;Центральный федеральный округ;58.36615;45.512409
Шатура;Московская область;Центральный федеральный округ;55.574421;39.541531
Шахунья;Нижегородская область;Приволжский федеральный округ;57.66819;46.600861
Шахты;Ростовская область;Южный федеральный округ;47.708519;40.215309
Шадринск;Курганская область;Уральский федеральный округ;56.0877;63.636089
Шилка;Забайкальский край;Сибирский федеральный округ;51.861012;116.028931
Шимановск;Амурская область;Дальневосточный федеральный округ;52.00951;127.65593
Шумиха;Курганская область;Уральский федеральный округ;55.231621;63.288391
Шумерля;Республика Чувашия;Приволжский федеральный округ;55.490311;46.428989
Шебекино;Белгородская область;Центральный федеральный округ;50.405899;36.890636
Шерегеш;Кемеровская область;Сибирский федеральный округ;52.920509;87.995369
Шелехов;Иркутская область;Сибирский федеральный округ;52.205914;104.098572
Юбилейный;Московская область;Центральный федеральный округ;55.935696;37.836895
Югорск;Ханты-Мансийский автономный округ;Уральский федеральный округ;61.316666;63.333332
Юрга;Кемеровская область;Сибирский федеральный округ;55.734509;84.879967
Южно-Сахалинск;Сахалинская область;Дальневосточный федеральный округ;46.961262;142.731979
Южноуральск;Челябинская область;Уральский федеральный округ;54.44492;61.24419
Яранск;Кировская область;Приволжский федеральный округ;57.30722;47.864239
Ярославль;Ярославская область;Центральный федеральный округ;57.6301;39.865631
Ярцево;Смоленская область;Центральный федеральный округ;55.059761;32.68528
Яковлевка;Приморский край;Дальневосточный федеральный округ;44.42178;133.467896
Якутск;Республика Саха (Якутия);Дальневосточный федеральный округ;62.039261;129.746399
Янаул;Республика Башкортостан;Приволжский федеральный округ;56.280769;54.933048
Ясный;Оренбургская область;Приволжский федеральный округ;51.022987;59.873898
Ядрин;Республика Чувашия;Приволжский федеральный округ;55.93977;46.20237
Юрюзань;Челябинская область;Уральский федеральный округ;54.878601;58.430759
Вязовая;Челябинская область;Уральский федеральный округ;54.906101;58.37431
Каспийск;Республика Дагестан;Северо-Кавказский федеральный округ;42.882751;47.638248
Яхрома;Московская область;Центральный федеральный округ;56.294109;37.484669
Апрелевка;Московская область;Центральный федеральный округ;55.5453;37.06192
Покров;Владимирская область;Центральный федеральный округ;55.916515;39.167343
